Experiment_ID,Algorithm,Configuration,Feature_Set,Scaler,K,Inertia,Silhouette,Davies_Bouldin,Calinski_Harabasz,Smallest_Cluster_Percentage,Largest_Cluster_Percentage,Noise_Percentage,BIC,Min_Samples,Distance_Quantile,Epsilon
KMeans_Core_Raw_StandardScaler_k2,KMeans,Core_Raw_StandardScaler,Core_Raw,StandardScaler,2,9007.996962939276,0.9065801284054877,0.7435038675948659,1920.7401187779135,0.5768343331795108,99.4231656668205,0.0,,,,
KMeans_Core_Raw_StandardScaler_k3,KMeans,Core_Raw_StandardScaler,Core_Raw,StandardScaler,3,5434.756894749109,0.597875346499917,0.7095352544115651,3015.1974157764575,0.5768343331795108,74.31933548684817,0.0,,,,
KMeans_Core_Raw_StandardScaler_k4,KMeans,Core_Raw_StandardScaler,Core_Raw,StandardScaler,4,4100.1973919115435,0.6137998676485804,0.7554065042678775,3133.5731436621627,0.29995385325334567,70.60452238117213,0.0,,,,
KMeans_Core_Raw_StandardScaler_k5,KMeans,Core_Raw_StandardScaler,Core_Raw,StandardScaler,5,3094.307994949831,0.6134878594930131,0.7095271047625455,3465.267876443824,0.1384402399630826,69.95846792801107,0.0,,,,
KMeans_Core_Raw_StandardScaler_k6,KMeans,Core_Raw_StandardScaler,Core_Raw,StandardScaler,6,2456.5036803474536,0.5946595928886266,0.6437209330799184,3715.924257438983,0.0692201199815413,67.21273650207661,0.0,,,,
KMeans_Core_Raw_StandardScaler_k7,KMeans,Core_Raw_StandardScaler,Core_Raw,StandardScaler,7,2006.495588714861,0.5113646219340549,0.6488416072587364,3951.960477363396,0.0692201199815413,59.713890170742964,0.0,,,,
KMeans_Core_Raw_StandardScaler_k8,KMeans,Core_Raw_StandardScaler,Core_Raw,StandardScaler,8,1701.6194183505497,0.4865792852593696,0.6898983385530228,4104.112731022494,0.046146746654360866,49.90770650669128,0.0,,,,
KMeans_Core_Raw_StandardScaler_k9,KMeans,Core_Raw_StandardScaler,Core_Raw,StandardScaler,9,1436.35572076759,0.47307992037191887,0.6933956594684566,4353.153155625396,0.046146746654360866,49.93077988001846,0.0,,,,
KMeans_Core_Raw_StandardScaler_k10,KMeans,Core_Raw_StandardScaler,Core_Raw,StandardScaler,10,1264.1569655605156,0.47959806524988835,0.6820779142902228,4461.01787853446,0.046146746654360866,49.630826026765114,0.0,,,,
KMeans_Core_Raw_RobustScaler_k2,KMeans,Core_Raw_RobustScaler,Core_Raw,RobustScaler,2,81661.8446861413,0.9789891301033042,0.36700328275205296,6995.06039305215,0.18458698661744347,99.81541301338255,0.0,,,,
KMeans_Core_Raw_RobustScaler_k3,KMeans,Core_Raw_RobustScaler,Core_Raw,RobustScaler,3,44736.083145592376,0.9461627608046395,0.4812700648986854,8170.397299501954,0.11536686663590216,99.21550530687585,0.0,,,,
KMeans_Core_Raw_RobustScaler_k4,KMeans,Core_Raw_RobustScaler,Core_Raw,RobustScaler,4,32866.78378868505,0.7465976759331394,0.6016440014354036,7933.525719621532,0.09229349330872173,93.23950161513613,0.0,,,,
KMeans_Core_Raw_RobustScaler_k5,KMeans,Core_Raw_RobustScaler,Core_Raw,RobustScaler,5,22557.878984705585,0.7364782976907681,0.5779379833243221,9161.932014405236,0.046146746654360866,92.59344716197508,0.0,,,,
KMeans_Core_Raw_RobustScaler_k6,KMeans,Core_Raw_RobustScaler,Core_Raw,RobustScaler,6,18596.30405134074,0.6460433628299357,0.6290478936624438,9073.312835185669,0.046146746654360866,88.4402399630826,0.0,,,,
KMeans_Core_Raw_RobustScaler_k7,KMeans,Core_Raw_RobustScaler,Core_Raw,RobustScaler,7,15968.414823384714,0.5771015159108386,0.633788729239839,8922.105655762338,0.046146746654360866,83.91785879095524,0.0,,,,
KMeans_Core_Raw_RobustScaler_k8,KMeans,Core_Raw_RobustScaler,Core_Raw,RobustScaler,8,13495.3869742151,0.5205998195125237,0.718851169969984,9160.026122830724,0.046146746654360866,77.87263497923396,0.0,,,,
KMeans_Core_Raw_RobustScaler_k9,KMeans,Core_Raw_RobustScaler,Core_Raw,RobustScaler,9,11499.519129996148,0.47132327523006884,0.7004842001442777,9498.072838491531,0.046146746654360866,57.49884633133364,0.0,,,,
KMeans_Core_Raw_RobustScaler_k10,KMeans,Core_Raw_RobustScaler,Core_Raw,RobustScaler,10,9379.298377606638,0.4651216248329557,0.6501930376986957,10457.459341515398,0.046146746654360866,57.98338717120443,0.0,,,,
KMeans_Core_Log_StandardScaler_k2,KMeans,Core_Log_StandardScaler,Core_Log,StandardScaler,2,6469.806360408262,0.4321189671530916,0.8903830722685531,4373.792977323545,38.34794646977388,61.65205353022611,0.0,,,,
KMeans_Core_Log_StandardScaler_k3,KMeans,Core_Log_StandardScaler,Core_Log,StandardScaler,3,4850.075070725838,0.3392027561737615,1.041102648206632,3639.783209514571,17.420396862021228,43.14720812182741,0.0,,,,
KMeans_Core_Log_StandardScaler_k4,KMeans,Core_Log_StandardScaler,Core_Log,StandardScaler,4,3918.8186228727955,0.32966874781926087,1.017678295958061,3345.4450450078975,16.128287955699122,36.871250576834335,0.0,,,,
KMeans_Core_Log_StandardScaler_k5,KMeans,Core_Log_StandardScaler,Core_Log,StandardScaler,5,3262.3831795809115,0.3187641079537654,0.9829425568489067,3230.9934549541485,8.260267651130595,26.211352099676972,0.0,,,,
KMeans_Core_Log_StandardScaler_k6,KMeans,Core_Log_StandardScaler,Core_Log,StandardScaler,6,2835.922146258685,0.3162784701380965,1.013750741645089,3102.9772553736193,7.821873557914167,22.058144900784495,0.0,,,,
KMeans_Core_Log_StandardScaler_k7,KMeans,Core_Log_StandardScaler,Core_Log,StandardScaler,7,2528.0286115566637,0.30710079390457984,0.9891827920012408,2987.9241990465453,4.960775265343793,20.004614674665437,0.0,,,,
KMeans_Core_Log_StandardScaler_k8,KMeans,Core_Log_StandardScaler,Core_Log,StandardScaler,8,2326.661814724365,0.3070081250322194,1.0149860915488793,2835.596315104867,4.26857406552838,19.17397323488694,0.0,,,,
KMeans_Core_Log_StandardScaler_k9,KMeans,Core_Log_StandardScaler,Core_Log,StandardScaler,9,2146.571253862615,0.2855459410344425,1.0214932101371057,2733.999440865889,4.8684817720350715,15.366866635902168,0.0,,,,
KMeans_Core_Log_StandardScaler_k10,KMeans,Core_Log_StandardScaler,Core_Log,StandardScaler,10,1987.6813535262938,0.2720716678737343,1.027582383935148,2662.2988411164342,2.238117212736502,14.605445316105214,0.0,,,,
KMeans_Core_Log_RobustScaler_k2,KMeans,Core_Log_RobustScaler,Core_Log,RobustScaler,2,2931.735488339367,0.431068717198219,0.8882263419456773,4388.744718135008,39.340101522842644,60.659898477157356,0.0,,,,
KMeans_Core_Log_RobustScaler_k3,KMeans,Core_Log_RobustScaler,Core_Log,RobustScaler,3,2200.180836664693,0.3389497674227743,1.0407623659716518,3643.348607493816,17.974157821873558,42.17812644208583,0.0,,,,
KMeans_Core_Log_RobustScaler_k4,KMeans,Core_Log_RobustScaler,Core_Log,RobustScaler,4,1794.9712545050038,0.32862276419054476,1.0173044425713031,3302.352091912754,17.281956622058146,34.91001384402399,0.0,,,,
KMeans_Core_Log_RobustScaler_k5,KMeans,Core_Log_RobustScaler,Core_Log,RobustScaler,5,1490.8904213558399,0.31260670818407016,0.9968746401573924,3201.975976300007,8.837101984310106,25.61144439317028,0.0,,,,
KMeans_Core_Log_RobustScaler_k6,KMeans,Core_Log_RobustScaler,Core_Log,RobustScaler,6,1297.5289526198821,0.3128427380465326,1.020311237580323,3071.673549744309,7.821873557914167,22.081218274111674,0.0,,,,
KMeans_Core_Log_RobustScaler_k7,KMeans,Core_Log_RobustScaler,Core_Log,RobustScaler,7,1156.9199647120831,0.301190543029583,0.9817886164422296,2957.7810031430768,4.453161052145823,20.004614674665437,0.0,,,,
KMeans_Core_Log_RobustScaler_k8,KMeans,Core_Log_RobustScaler,Core_Log,RobustScaler,8,1059.747408669908,0.28486027605621084,1.0028764873772273,2823.759517035992,3.4379326257498843,17.743424088601753,0.0,,,,
KMeans_Core_Log_RobustScaler_k9,KMeans,Core_Log_RobustScaler,Core_Log,RobustScaler,9,979.1094530561861,0.28857164192004947,1.0157143077648207,2718.157546556616,5.006922011998154,14.99769266266728,0.0,,,,
KMeans_Core_Log_RobustScaler_k10,KMeans,Core_Log_RobustScaler,Core_Log,RobustScaler,10,904.8685571460453,0.27815440538173364,1.0105428113071402,2653.2177405585385,1.8458698661744346,14.32856483617905,0.0,,,,
KMeans_Enhanced_Raw_StandardScaler_k2,KMeans,Enhanced_Raw_StandardScaler,Enhanced_Raw,StandardScaler,2,16883.87564273973,0.8936919352994607,0.7970565817391501,1228.00541501069,0.3922473465620674,99.60775265343793,0.0,,,,
KMeans_Enhanced_Raw_StandardScaler_k3,KMeans,Enhanced_Raw_StandardScaler,Enhanced_Raw,StandardScaler,3,12959.848194911408,0.3651380176106173,0.9582962854191632,1455.4058592476986,0.3922473465620674,72.72727272727273,0.0,,,,
KMeans_Enhanced_Raw_StandardScaler_k4,KMeans,Enhanced_Raw_StandardScaler,Enhanced_Raw,StandardScaler,4,9994.343526220919,0.4108284267127966,0.9767700899530115,1686.1503639818557,0.3922473465620674,60.33687125057683,0.0,,,,
KMeans_Enhanced_Raw_StandardScaler_k5,KMeans,Enhanced_Raw_StandardScaler,Enhanced_Raw,StandardScaler,5,8572.050351082476,0.434332060932005,0.9482398873996226,1653.6903091328325,0.2768804799261652,58.629441624365484,0.0,,,,
KMeans_Enhanced_Raw_StandardScaler_k6,KMeans,Enhanced_Raw_StandardScaler,Enhanced_Raw,StandardScaler,6,7240.794671424128,0.4275259992320639,0.9077659156355858,1724.9405238679356,0.1384402399630826,58.8371019843101,0.0,,,,
KMeans_Enhanced_Raw_StandardScaler_k7,KMeans,Enhanced_Raw_StandardScaler,Enhanced_Raw,StandardScaler,7,6434.65851961195,0.4029127187771886,0.8469277637008127,1707.506373096927,0.0692201199815413,52.81495154591601,0.0,,,,
KMeans_Enhanced_Raw_StandardScaler_k8,KMeans,Enhanced_Raw_StandardScaler,Enhanced_Raw,StandardScaler,8,5639.548189336394,0.40790327811627536,0.8569409003556516,1756.6839699571972,0.0692201199815413,51.19981541301338,0.0,,,,
KMeans_Enhanced_Raw_StandardScaler_k9,KMeans,Enhanced_Raw_StandardScaler,Enhanced_Raw,StandardScaler,9,5172.646993475938,0.32738321330645165,0.9282403784163102,1724.248439002881,0.0692201199815413,39.91693585602215,0.0,,,,
KMeans_Enhanced_Raw_StandardScaler_k10,KMeans,Enhanced_Raw_StandardScaler,Enhanced_Raw,StandardScaler,10,4799.947887768387,0.3137650106283169,0.9466010117340069,1688.5899190523853,0.0692201199815413,37.86340562990309,0.0,,,,
KMeans_Enhanced_Raw_RobustScaler_k2,KMeans,Enhanced_Raw_RobustScaler,Enhanced_Raw,RobustScaler,2,94474.66438958551,0.9748800864961855,0.37859204598885926,6069.594359121714,0.18458698661744347,99.81541301338255,0.0,,,,
KMeans_Enhanced_Raw_RobustScaler_k3,KMeans,Enhanced_Raw_RobustScaler,Enhanced_Raw,RobustScaler,3,57323.6370119553,0.9229266314968968,0.5435816330850529,6403.916942588142,0.1384402399630826,99.12321181356715,0.0,,,,
KMeans_Enhanced_Raw_RobustScaler_k4,KMeans,Enhanced_Raw_RobustScaler,Enhanced_Raw,RobustScaler,4,43864.657006601825,0.654084001805898,0.7167906549984888,6020.810615057905,0.09229349330872173,91.11675126903553,0.0,,,,
KMeans_Enhanced_Raw_RobustScaler_k5,KMeans,Enhanced_Raw_RobustScaler,Enhanced_Raw,RobustScaler,5,33416.75069852405,0.6265139616888866,0.6911334022196585,6264.414355522229,0.046146746654360866,89.94000922934933,0.0,,,,
KMeans_Enhanced_Raw_RobustScaler_k6,KMeans,Enhanced_Raw_RobustScaler,Enhanced_Raw,RobustScaler,6,28309.4669397142,0.46574570640512625,0.8028714623130462,6070.50689464122,0.046146746654360866,76.32671896631288,0.0,,,,
KMeans_Enhanced_Raw_RobustScaler_k7,KMeans,Enhanced_Raw_RobustScaler,Enhanced_Raw,RobustScaler,7,25466.65603226809,0.46069797481213687,0.7805364403494244,5702.825225355931,0.046146746654360866,75.79603137978772,0.0,,,,
KMeans_Enhanced_Raw_RobustScaler_k8,KMeans,Enhanced_Raw_RobustScaler,Enhanced_Raw,RobustScaler,8,22217.369343702638,0.3766743997516286,0.8222109031327489,5692.194365461181,0.046146746654360866,65.75911398246423,0.0,,,,
KMeans_Enhanced_Raw_RobustScaler_k9,KMeans,Enhanced_Raw_RobustScaler,Enhanced_Raw,RobustScaler,9,19497.860243104486,0.37551263067775437,0.7997684221146784,5749.332167283189,0.046146746654360866,65.55145362251962,0.0,,,,
KMeans_Enhanced_Raw_RobustScaler_k10,KMeans,Enhanced_Raw_RobustScaler,Enhanced_Raw,RobustScaler,10,17464.6453475726,0.43298941231462995,0.8052989757320196,5759.938404837878,0.046146746654360866,69.2201199815413,0.0,,,,
KMeans_Enhanced_Log_StandardScaler_k2,KMeans,Enhanced_Log_StandardScaler,Enhanced_Log,StandardScaler,2,13019.212435593548,0.34284494752142564,1.1100734974488664,2878.4649069008847,43.862482694970005,56.137517305029995,0.0,,,,
KMeans_Enhanced_Log_StandardScaler_k3,KMeans,Enhanced_Log_StandardScaler,Enhanced_Log,StandardScaler,3,10023.520942197572,0.2743267584204501,1.1733579761637003,2516.129090288309,27.157360406091367,43.30872173511767,0.0,,,,
KMeans_Enhanced_Log_StandardScaler_k4,KMeans,Enhanced_Log_StandardScaler,Enhanced_Log,StandardScaler,4,8665.419026843398,0.24711054888877243,1.2793156630052618,2166.082530053838,14.143977849561606,32.34886940470697,0.0,,,,
KMeans_Enhanced_Log_StandardScaler_k5,KMeans,Enhanced_Log_StandardScaler,Enhanced_Log,StandardScaler,5,7585.632249770638,0.24977667775199391,1.2060708359600505,2009.4354276884028,13.474850023073373,28.587909552376555,0.0,,,,
KMeans_Enhanced_Log_StandardScaler_k6,KMeans,Enhanced_Log_StandardScaler,Enhanced_Log,StandardScaler,6,6888.178805171516,0.22172460977475525,1.2387458753514362,1857.5523721506931,9.321642824180895,21.919704660821413,0.0,,,,
KMeans_Enhanced_Log_StandardScaler_k7,KMeans,Enhanced_Log_StandardScaler,Enhanced_Log,StandardScaler,7,6362.6742073704145,0.220124178352186,1.1999482271965494,1734.9930374781648,8.606368251038301,19.935394554683896,0.0,,,,
KMeans_Enhanced_Log_StandardScaler_k8,KMeans,Enhanced_Log_StandardScaler,Enhanced_Log,StandardScaler,8,5953.846525026669,0.21894216190720242,1.1816187646086826,1631.323156573301,6.96815874480849,17.281956622058146,0.0,,,,
KMeans_Enhanced_Log_StandardScaler_k9,KMeans,Enhanced_Log_StandardScaler,Enhanced_Log,StandardScaler,9,5582.63360154683,0.22214589451270939,1.2094055684157612,1557.911005475964,4.891555145362252,17.766497461928935,0.0,,,,
KMeans_Enhanced_Log_StandardScaler_k10,KMeans,Enhanced_Log_StandardScaler,Enhanced_Log,StandardScaler,10,5246.040839901695,0.21615556564638347,1.1727844835173082,1504.153963537408,4.568527918781726,15.089986155976003,0.0,,,,
KMeans_Enhanced_Log_RobustScaler_k2,KMeans,Enhanced_Log_RobustScaler,Enhanced_Log,RobustScaler,2,6669.250104996017,0.3345871053066436,1.1231446724937086,2824.5002306991755,48.961698200276885,51.038301799723115,0.0,,,,
KMeans_Enhanced_Log_RobustScaler_k3,KMeans,Enhanced_Log_RobustScaler,Enhanced_Log,RobustScaler,3,5051.447178163962,0.2807251765842102,1.141420434994284,2557.650385725896,26.765113059529305,42.801107521919704,0.0,,,,
KMeans_Enhanced_Log_RobustScaler_k4,KMeans,Enhanced_Log_RobustScaler,Enhanced_Log,RobustScaler,4,4377.7265451492885,0.24329260012505027,1.2594717714848895,2189.195651009456,15.897554222427319,35.809875403784034,0.0,,,,
KMeans_Enhanced_Log_RobustScaler_k5,KMeans,Enhanced_Log_RobustScaler,Enhanced_Log,RobustScaler,5,3792.718654961153,0.24916453236414093,1.1634500545038384,2061.633088640928,14.974619289340103,27.503461005999075,0.0,,,,
KMeans_Enhanced_Log_RobustScaler_k6,KMeans,Enhanced_Log_RobustScaler,Enhanced_Log,RobustScaler,6,3431.586483256822,0.2305473249783824,1.1862674669216469,1913.5484784647201,8.790955237655746,21.73511767420397,0.0,,,,
KMeans_Enhanced_Log_RobustScaler_k7,KMeans,Enhanced_Log_RobustScaler,Enhanced_Log,RobustScaler,7,3207.872020507497,0.22098462637153124,1.1995926042107414,1755.734170712839,8.306414397784955,19.220119981541302,0.0,,,,
KMeans_Enhanced_Log_RobustScaler_k8,KMeans,Enhanced_Log_RobustScaler,Enhanced_Log,RobustScaler,8,2985.610147546529,0.22569277963364806,1.169147872721255,1662.5833875931219,4.822335025380711,18.874019381633595,0.0,,,,
KMeans_Enhanced_Log_RobustScaler_k9,KMeans,Enhanced_Log_RobustScaler,Enhanced_Log,RobustScaler,9,2780.7239758524283,0.22033353654202684,1.210172094887189,1601.4191256384636,4.77618827872635,18.22796492847254,0.0,,,,
KMeans_Enhanced_Log_RobustScaler_k10,KMeans,Enhanced_Log_RobustScaler,Enhanced_Log,RobustScaler,10,2610.8830334448394,0.21314959042806136,1.1817160385051995,1546.9928319178266,4.683894785417627,14.213197969543149,0.0,,,,
Agglomerative_Core_Log_StandardScaler_k3,Agglomerative,Core_Log_StandardScaler,,,3,,0.28830608387815043,1.1703326540327925,3288.2356888266345,25.63451776649746,45.13151822796493,0.0,,,,
GaussianMixture_Core_Log_StandardScaler_k3,GaussianMixture,Core_Log_StandardScaler,,,3,,0.2529462943208005,1.2117265121898388,2741.6788374215607,19.473927088140286,45.80064605445316,0.0,12426.064347937652,,,
Agglomerative_Core_Log_StandardScaler_k4,Agglomerative,Core_Log_StandardScaler,,,4,,0.26617398092158046,1.3046541910343459,2719.5089859157506,9.967697277341948,45.13151822796493,0.0,,,,
GaussianMixture_Core_Log_StandardScaler_k4,GaussianMixture,Core_Log_StandardScaler,,,4,,0.1772492585338112,1.7159636341264533,2166.6601881482347,19.17397323488694,34.72542685740655,0.0,3673.431571843671,,,
Agglomerative_Core_Log_StandardScaler_k5,Agglomerative,Core_Log_StandardScaler,,,5,,0.22929690266212827,1.3071287036671686,2505.378112876587,9.967697277341948,29.23396400553761,0.0,,,,
GaussianMixture_Core_Log_StandardScaler_k5,GaussianMixture,Core_Log_StandardScaler,,,5,,0.1514022151226741,1.772327360037928,1895.063186388603,4.383940932164283,34.702353484079374,0.0,3365.0505711233154,,,
Agglomerative_Core_Log_StandardScaler_k6,Agglomerative,Core_Log_StandardScaler,,,6,,0.23192284400178154,1.2050490267520797,2428.2722188215234,9.967697277341948,28.472542685740653,0.0,,,,
GaussianMixture_Core_Log_StandardScaler_k6,GaussianMixture,Core_Log_StandardScaler,,,6,,0.12087707083028039,2.262233520260932,1483.8246438679732,2.9995385325334563,34.702353484079374,0.0,-1555.5756527010858,,,
Agglomerative_Core_Log_StandardScaler_k7,Agglomerative,Core_Log_StandardScaler,,,7,,0.22849174893983298,1.1295533788965828,2389.5934216471805,9.967697277341948,17.60498384863867,0.0,,,,
GaussianMixture_Core_Log_StandardScaler_k7,GaussianMixture,Core_Log_StandardScaler,,,7,,0.10631420000147158,2.5632718466320124,1276.4579227830757,1.868943239501615,34.702353484079374,0.0,-5262.36655097029,,,
Agglomerative_Core_Log_StandardScaler_k8,Agglomerative,Core_Log_StandardScaler,,,8,,0.2293844641096655,1.12468409452727,2293.548979991003,1.430549146285187,17.60498384863867,0.0,,,,
GaussianMixture_Core_Log_StandardScaler_k8,GaussianMixture,Core_Log_StandardScaler,,,8,,0.09803313959015914,2.9856457393431843,1135.2929424504257,1.4997692662667281,34.702353484079374,0.0,-7365.2528294586255,,,
Agglomerative_Core_Log_RobustScaler_k3,Agglomerative,Core_Log_RobustScaler,,,3,,0.2705935602654834,1.0703951032562922,2996.783971420826,22.081218274111674,47.02353484079372,0.0,,,,
GaussianMixture_Core_Log_RobustScaler_k3,GaussianMixture,Core_Log_RobustScaler,,,3,,0.25216154917873235,1.1806024886637598,2725.980486134836,17.212736502076602,48.061836640516844,0.0,3476.189581420602,,,
Agglomerative_Core_Log_RobustScaler_k4,Agglomerative,Core_Log_RobustScaler,,,4,,0.26509957256789196,1.140723743143401,2623.969027665398,20.696815874480848,30.8952468850946,0.0,,,,
GaussianMixture_Core_Log_RobustScaler_k4,GaussianMixture,Core_Log_RobustScaler,,,4,,0.16222289139756427,1.7695101838682592,2063.5502697224783,19.17397323488694,34.72542685740655,0.0,-4552.844100247657,,,
Agglomerative_Core_Log_RobustScaler_k5,Agglomerative,Core_Log_RobustScaler,,,5,,0.26216836801452725,1.0879103251517601,2517.7237801978563,2.4227041993539458,28.472542685740653,0.0,,,,
GaussianMixture_Core_Log_RobustScaler_k5,GaussianMixture,Core_Log_RobustScaler,,,5,,0.13944068568835552,1.7898628721036236,1849.3108109981724,4.383940932164283,34.702353484079374,0.0,-4850.411483609011,,,
Agglomerative_Core_Log_RobustScaler_k6,Agglomerative,Core_Log_RobustScaler,,,6,,0.2679771139393174,1.1287569099363228,2489.551333319248,2.4227041993539458,26.326718966312875,0.0,,,,
GaussianMixture_Core_Log_RobustScaler_k6,GaussianMixture,Core_Log_RobustScaler,,,6,,0.1081182983272312,2.2759127182699728,1441.7682096694537,2.5149976926626674,34.702353484079374,0.0,-9274.683733668402,,,
Agglomerative_Core_Log_RobustScaler_k7,Agglomerative,Core_Log_RobustScaler,,,7,,0.2335643560260529,1.1199146141166714,2372.5877829192373,2.4227041993539458,22.081218274111674,0.0,,,,
GaussianMixture_Core_Log_RobustScaler_k7,GaussianMixture,Core_Log_RobustScaler,,,7,,0.09490175183205002,2.571847602809364,1253.4420951466898,1.868943239501615,34.702353484079374,0.0,-12616.899221019536,,,
Agglomerative_Core_Log_RobustScaler_k8,Agglomerative,Core_Log_RobustScaler,,,8,,0.23708975146265465,1.1223926092228869,2282.430208076966,2.4227041993539458,22.081218274111674,0.0,,,,
GaussianMixture_Core_Log_RobustScaler_k8,GaussianMixture,Core_Log_RobustScaler,,,8,,0.10514971601028267,2.4244451842215256,1304.0542169545977,1.4766958929395477,20.32764190124596,0.0,-13102.5143975863,,,
Agglomerative_Enhanced_Log_StandardScaler_k3,Agglomerative,Enhanced_Log_StandardScaler,,,3,,0.19633599739397703,1.4335938584690424,1927.728081072622,25.957544993077985,41.5089986155976,0.0,,,,
GaussianMixture_Enhanced_Log_StandardScaler_k3,GaussianMixture,Enhanced_Log_StandardScaler,,,3,,0.17106080054907716,1.9267081795792522,1092.4786157369313,15.897554222427319,49.40009229349331,0.0,2735.488682926219,,,
Agglomerative_Enhanced_Log_StandardScaler_k4,Agglomerative,Enhanced_Log_StandardScaler,,,4,,0.16955578817112832,1.5119099841101982,1652.6420032938693,14.005537609598523,41.5089986155976,0.0,,,,
GaussianMixture_Enhanced_Log_StandardScaler_k4,GaussianMixture,Enhanced_Log_StandardScaler,,,4,,0.14072337957128644,1.4501035913686042,1080.514385575024,3.1610521458237195,45.7544993077988,0.0,2442.8375805449705,,,
Agglomerative_Enhanced_Log_StandardScaler_k5,Agglomerative,Enhanced_Log_StandardScaler,,,5,,0.1901634917655286,1.3830398067474665,1600.1909123588669,14.005537609598523,25.957544993077985,0.0,,,,
GaussianMixture_Enhanced_Log_StandardScaler_k5,GaussianMixture,Enhanced_Log_StandardScaler,,,5,,0.08184681576611239,1.8591262725688231,896.9727433481789,3.068758652514998,34.679280110752195,0.0,1761.9604644142391,,,
Agglomerative_Enhanced_Log_StandardScaler_k6,Agglomerative,Enhanced_Log_StandardScaler,,,6,,0.1762807108365098,1.3330807077324727,1498.8832153218718,5.722196585140748,24.43470235348408,0.0,,,,
GaussianMixture_Enhanced_Log_StandardScaler_k6,GaussianMixture,Enhanced_Log_StandardScaler,,,6,,0.06230540475801089,2.194036670291341,780.9070389283542,2.0996769727734192,34.679280110752195,0.0,-6396.437357385899,,,
Agglomerative_Enhanced_Log_StandardScaler_k7,Agglomerative,Enhanced_Log_StandardScaler,,,7,,0.17259205655822338,1.3518936166819984,1397.6842645731224,4.153207198892478,24.43470235348408,0.0,,,,
GaussianMixture_Enhanced_Log_StandardScaler_k7,GaussianMixture,Enhanced_Log_StandardScaler,,,7,,0.03482837426029301,2.7778547379167238,652.119609860391,1.868943239501615,34.679280110752195,0.0,-10874.419762128051,,,
Agglomerative_Enhanced_Log_StandardScaler_k8,Agglomerative,Enhanced_Log_StandardScaler,,,8,,0.16142303640410546,1.3986579918388737,1340.8282980961271,4.153207198892478,20.23534840793724,0.0,,,,
GaussianMixture_Enhanced_Log_StandardScaler_k8,GaussianMixture,Enhanced_Log_StandardScaler,,,8,,0.03703325161001896,2.6174951578123795,642.5988911641822,1.9612367328103368,32.74111675126903,0.0,-11003.182206833173,,,
Agglomerative_Enhanced_Log_RobustScaler_k3,Agglomerative,Enhanced_Log_RobustScaler,,,3,,0.22858291617331783,1.2347780916020337,2038.7113788942854,23.027226580526072,53.36871250576834,0.0,,,,
GaussianMixture_Enhanced_Log_RobustScaler_k3,GaussianMixture,Enhanced_Log_RobustScaler,,,3,,0.163124358625527,2.009753484531504,978.7666130858432,15.897554222427319,49.40009229349331,0.0,-10030.411225090156,,,
Agglomerative_Enhanced_Log_RobustScaler_k4,Agglomerative,Enhanced_Log_RobustScaler,,,4,,0.22163061545430154,1.2805387376379056,1882.4379191941002,16.335948315643748,37.032764190124595,0.0,,,,
GaussianMixture_Enhanced_Log_RobustScaler_k4,GaussianMixture,Enhanced_Log_RobustScaler,,,4,,0.12398872049224703,1.5246258081609247,984.3555961429153,2.9072450392247347,43.44716197508075,0.0,-10347.566377354398,,,
Agglomerative_Enhanced_Log_RobustScaler_k5,Agglomerative,Enhanced_Log_RobustScaler,,,5,,0.1933569302032993,1.269369526348899,1672.365180633585,10.65989847715736,26.372865712967236,0.0,,,,
GaussianMixture_Enhanced_Log_RobustScaler_k5,GaussianMixture,Enhanced_Log_RobustScaler,,,5,,0.06798389356009506,1.9207115027546038,813.7750942527382,2.976465159206276,34.679280110752195,0.0,-11011.64752683873,,,
Agglomerative_Enhanced_Log_RobustScaler_k6,Agglomerative,Enhanced_Log_RobustScaler,,,6,,0.17982899535795158,1.2855534669583368,1539.167094539996,6.275957544993078,26.372865712967236,0.0,,,,
GaussianMixture_Enhanced_Log_RobustScaler_k6,GaussianMixture,Enhanced_Log_RobustScaler,,,6,,0.038587428591447745,2.2097116900758285,699.4858095449621,2.3996308260267654,34.679280110752195,0.0,-18282.911522471637,,,
Agglomerative_Enhanced_Log_RobustScaler_k7,Agglomerative,Enhanced_Log_RobustScaler,,,7,,0.18410096052400166,1.2787549595646968,1456.0854130412667,2.930318412551915,26.372865712967236,0.0,,,,
GaussianMixture_Enhanced_Log_RobustScaler_k7,GaussianMixture,Enhanced_Log_RobustScaler,,,7,,0.010326871011781836,2.366040752740917,587.248446688823,2.0996769727734192,34.679280110752195,0.0,-18469.813499898566,,,
Agglomerative_Enhanced_Log_RobustScaler_k8,Agglomerative,Enhanced_Log_RobustScaler,,,8,,0.17076004539965822,1.3633959187025293,1370.6963805644464,2.930318412551915,20.67374250115367,0.0,,,,
GaussianMixture_Enhanced_Log_RobustScaler_k8,GaussianMixture,Enhanced_Log_RobustScaler,,,8,,0.03471182781091481,2.630488590332838,610.2817767682707,1.9843101061375175,32.694970004614675,0.0,-22509.07401373529,,,
DBSCAN_Core_Log_StandardScaler_ms10_q0.80,DBSCAN,Core_Log_StandardScaler,,,6,,0.06510901862967383,1.7248934765198918,1136.589529407822,0.4414437808361465,37.10724487146196,11.14443931702815,,10.0,0.8,0.27985978305276527
DBSCAN_Core_Log_StandardScaler_ms10_q0.85,DBSCAN,Core_Log_StandardScaler,,,5,,0.11810134840555851,1.9073415416703974,1361.9573001327205,0.15120967741935484,36.315524193548384,8.444854637748039,,10.0,0.85,0.3126604025783905
DBSCAN_Core_Log_StandardScaler_ms10_q0.90,DBSCAN,Core_Log_StandardScaler,,,3,,0.17651521663520794,1.6844400051002388,2107.007912029375,19.728221305508374,44.576559087600096,4.914628518689432,,10.0,0.9,0.37100420701777964
DBSCAN_Core_Log_StandardScaler_ms10_q0.93,DBSCAN,Core_Log_StandardScaler,,,3,,0.16980545009676204,1.6979767486145645,2097.2899020983405,19.552274351035962,45.129792807811384,3.1149053991693583,,10.0,0.93,0.4187706322070708
DBSCAN_Core_Log_StandardScaler_ms10_q0.95,DBSCAN,Core_Log_StandardScaler,,,2,,0.29267076523762864,1.0611535814259978,2430.1468816806605,35.108388312912346,64.89161168708766,2.076603599446239,,10.0,0.95,0.47754431454265284
DBSCAN_Core_Log_StandardScaler_ms10_q0.97,DBSCAN,Core_Log_StandardScaler,,,2,,0.2870225461835061,1.0638873603679142,2420.2684513777945,34.96258185219831,65.03741814780169,1.338255652976465,,10.0,0.97,0.583123366332211
DBSCAN_Core_Log_StandardScaler_ms20_q0.80,DBSCAN,Core_Log_StandardScaler,,,3,,0.1900298980709216,1.647236342635505,2141.636597943917,20.030387439858192,43.58065332995695,8.883248730964468,,20.0,0.8,0.369678644495859
DBSCAN_Core_Log_StandardScaler_ms20_q0.85,DBSCAN,Core_Log_StandardScaler,,,3,,0.1906968372427033,1.6544851040655644,2150.76169945235,19.906265416872223,44.375925012333504,6.460544531610521,,20.0,0.85,0.4070059859447062
DBSCAN_Core_Log_StandardScaler_ms20_q0.90,DBSCAN,Core_Log_StandardScaler,,,2,,0.3117603859578276,1.0526628038951913,2474.1798607168653,35.25179856115108,64.74820143884892,3.7840332256575913,,20.0,0.9,0.46976008075042097
DBSCAN_Core_Log_StandardScaler_ms20_q0.93,DBSCAN,Core_Log_StandardScaler,,,2,,0.29324771593007226,1.061098099431047,2430.8318868387546,35.0354609929078,64.9645390070922,2.3996308260267654,,20.0,0.93,0.5330336372664326
DBSCAN_Core_Log_StandardScaler_ms20_q0.95,DBSCAN,Core_Log_StandardScaler,,,1,,,,,,,1.6382095062298108,,20.0,0.95,0.5959792460799315
DBSCAN_Core_Log_StandardScaler_ms20_q0.97,DBSCAN,Core_Log_StandardScaler,,,1,,,,,,,1.1305952930318413,,20.0,0.97,0.7022976323288243
DBSCAN_Core_Log_StandardScaler_ms30_q0.80,DBSCAN,Core_Log_StandardScaler,,,2,,0.30950716437394066,1.0441742320328602,2505.334268560769,36.112506278252134,63.887493721747866,8.121827411167512,,30.0,0.8,0.4280419119691876
DBSCAN_Core_Log_StandardScaler_ms30_q0.85,DBSCAN,Core_Log_StandardScaler,,,2,,0.3031511932971283,1.0482944140191268,2499.9518480256593,35.53113553113553,64.46886446886447,5.514536225196124,,30.0,0.85,0.4686384940745069
DBSCAN_Core_Log_StandardScaler_ms30_q0.90,DBSCAN,Core_Log_StandardScaler,,,2,,0.30966592255183395,1.0510890273302607,2478.927060640512,35.06927854753942,64.93072145246059,3.4148592524227044,,30.0,0.9,0.5397398652887963
DBSCAN_Core_Log_StandardScaler_ms30_q0.93,DBSCAN,Core_Log_StandardScaler,,,1,,,,,,,1.9843101061375175,,30.0,0.93,0.6093646515597979
DBSCAN_Core_Log_StandardScaler_ms30_q0.95,DBSCAN,Core_Log_StandardScaler,,,1,,,,,,,1.3844023996308261,,30.0,0.95,0.6692311750882993
DBSCAN_Core_Log_StandardScaler_ms30_q0.97,DBSCAN,Core_Log_StandardScaler,,,1,,,,,,,0.9921550530687587,,30.0,0.97,0.7949205837738027
DBSCAN_Core_Log_RobustScaler_ms10_q0.80,DBSCAN,Core_Log_RobustScaler,,,6,,0.04557746100128459,1.7158313060151924,1128.0850710295663,0.4153686396677051,36.993769470404985,11.121365943700969,,10.0,0.8,0.18965291415615795
DBSCAN_Core_Log_RobustScaler_ms10_q0.85,DBSCAN,Core_Log_RobustScaler,,,3,,0.18122912267296704,1.6566393759626354,2120.6667181928215,20.100882723833543,43.70744010088272,8.51407475772958,,10.0,0.85,0.21135781158434513
DBSCAN_Core_Log_RobustScaler_ms10_q0.90,DBSCAN,Core_Log_RobustScaler,,,3,,0.17638112565235997,1.692253966732541,2110.8290068354454,19.689244962369507,44.69531439669823,4.960775265343793,,10.0,0.9,0.2494769228523879
DBSCAN_Core_Log_RobustScaler_ms10_q0.93,DBSCAN,Core_Log_RobustScaler,,,2,,0.29902907961850744,1.0580585937443372,2447.552130642127,35.127411288402,64.872588711598,3.1149053991693583,,10.0,0.93,0.2823717306148759
DBSCAN_Core_Log_RobustScaler_ms10_q0.95,DBSCAN,Core_Log_RobustScaler,,,2,,0.29281952649713794,1.0638902092647315,2431.1605930209985,34.9988215884987,65.00117841150129,2.0996769727734192,,10.0,0.95,0.3227834219848944
DBSCAN_Core_Log_RobustScaler_ms10_q0.97,DBSCAN,Core_Log_RobustScaler,,,1,,,,,,,1.338255652976465,,10.0,0.97,0.38474921942373674
DBSCAN_Core_Log_RobustScaler_ms20_q0.80,DBSCAN,Core_Log_RobustScaler,,,4,,0.11591915703899085,1.3900764032046706,1467.979133874212,0.3297818366311517,43.480466768138,9.04476234425473,,20.0,0.8,0.24901903343547813
DBSCAN_Core_Log_RobustScaler_ms20_q0.85,DBSCAN,Core_Log_RobustScaler,,,2,,0.3071289637503309,1.0491334815362592,2494.647733668561,35.69839307787392,64.30160692212608,6.668204891555145,,20.0,0.85,0.274656014219637
DBSCAN_Core_Log_RobustScaler_ms20_q0.90,DBSCAN,Core_Log_RobustScaler,,,2,,0.31077032684105793,1.0603479127631523,2464.743660975087,35.25179856115108,64.74820143884892,3.7840332256575913,,20.0,0.9,0.3180015509968917
DBSCAN_Core_Log_RobustScaler_ms20_q0.93,DBSCAN,Core_Log_RobustScaler,,,2,,0.292935511343003,1.0649670643464133,2431.602826331374,35.018903591682424,64.98109640831758,2.353484079372404,,20.0,0.93,0.3611695252297334
DBSCAN_Core_Log_RobustScaler_ms20_q0.95,DBSCAN,Core_Log_RobustScaler,,,1,,,,,,,1.753576372865713,,20.0,0.95,0.3989877800759251
DBSCAN_Core_Log_RobustScaler_ms20_q0.97,DBSCAN,Core_Log_RobustScaler,,,1,,,,,,,1.0613751730503,,20.0,0.97,0.4741430287882927
DBSCAN_Core_Log_RobustScaler_ms30_q0.80,DBSCAN,Core_Log_RobustScaler,,,2,,0.31837704425206453,1.045439484383019,2509.0395412918415,35.96579476861167,64.03420523138833,8.260267651130595,,30.0,0.8,0.2873063440583081
DBSCAN_Core_Log_RobustScaler_ms30_q0.85,DBSCAN,Core_Log_RobustScaler,,,2,,0.3043115284556872,1.0522764139213265,2500.0379947294637,35.48702887909936,64.51297112090064,5.722196585140748,,30.0,0.85,0.3140502904522889
DBSCAN_Core_Log_RobustScaler_ms30_q0.90,DBSCAN,Core_Log_RobustScaler,,,2,,0.2967702638421326,1.0561135761297233,2474.681581481532,35.06214149139579,64.93785850860421,3.461005999077065,,30.0,0.9,0.3662414755834213
DBSCAN_Core_Log_RobustScaler_ms30_q0.93,DBSCAN,Core_Log_RobustScaler,,,1,,,,,,,2.1919704660821413,,30.0,0.93,0.41053629877796616
DBSCAN_Core_Log_RobustScaler_ms30_q0.95,DBSCAN,Core_Log_RobustScaler,,,1,,,,,,,1.5228426395939088,,30.0,0.95,0.4500521504056705
DBSCAN_Core_Log_RobustScaler_ms30_q0.97,DBSCAN,Core_Log_RobustScaler,,,1,,,,,,,0.9690816797415782,,30.0,0.97,0.5350904419240758
DBSCAN_Enhanced_Log_StandardScaler_ms10_q0.80,DBSCAN,Enhanced_Log_StandardScaler,,,3,,0.22893954383595608,1.0727034788041447,1013.6112901283668,1.4127921911122527,63.395838684818905,10.17535763728657,,10.0,0.8,0.5969390943190424
DBSCAN_Enhanced_Log_StandardScaler_ms10_q0.85,DBSCAN,Enhanced_Log_StandardScaler,,,1,,,,,,,7.037378864790032,,10.0,0.85,0.6610224763232684
DBSCAN_Enhanced_Log_StandardScaler_ms10_q0.90,DBSCAN,Enhanced_Log_StandardScaler,,,1,,,,,,,4.26857406552838,,10.0,0.9,0.7339609324070522
DBSCAN_Enhanced_Log_StandardScaler_ms10_q0.93,DBSCAN,Enhanced_Log_StandardScaler,,,1,,,,,,,3.022611905860637,,10.0,0.93,0.8259619180075686
DBSCAN_Enhanced_Log_StandardScaler_ms10_q0.95,DBSCAN,Enhanced_Log_StandardScaler,,,1,,,,,,,2.0996769727734192,,10.0,0.95,0.9031508485097021
DBSCAN_Enhanced_Log_StandardScaler_ms10_q0.97,DBSCAN,Enhanced_Log_StandardScaler,,,1,,,,,,,0.9690816797415782,,10.0,0.97,1.0366899967756042
DBSCAN_Enhanced_Log_StandardScaler_ms20_q0.80,DBSCAN,Enhanced_Log_StandardScaler,,,1,,,,,,,8.283341024457776,,20.0,0.8,0.7329273508830636
DBSCAN_Enhanced_Log_StandardScaler_ms20_q0.85,DBSCAN,Enhanced_Log_StandardScaler,,,1,,,,,,,5.652976465159206,,20.0,0.85,0.7970731226597648
DBSCAN_Enhanced_Log_StandardScaler_ms20_q0.90,DBSCAN,Enhanced_Log_StandardScaler,,,1,,,,,,,3.4379326257498843,,20.0,0.9,0.8910883871040466
DBSCAN_Enhanced_Log_StandardScaler_ms20_q0.93,DBSCAN,Enhanced_Log_StandardScaler,,,1,,,,,,,2.1458237194277805,,20.0,0.93,0.9813661186060608
DBSCAN_Enhanced_Log_StandardScaler_ms20_q0.95,DBSCAN,Enhanced_Log_StandardScaler,,,1,,,,,,,1.4074757729580065,,20.0,0.95,1.077894283586981
DBSCAN_Enhanced_Log_StandardScaler_ms20_q0.97,DBSCAN,Enhanced_Log_StandardScaler,,,1,,,,,,,0.8075680664513151,,20.0,0.97,1.219665118695494
DBSCAN_Enhanced_Log_StandardScaler_ms30_q0.80,DBSCAN,Enhanced_Log_StandardScaler,,,1,,,,,,,7.314259344716198,,30.0,0.8,0.8124757770169674
DBSCAN_Enhanced_Log_StandardScaler_ms30_q0.85,DBSCAN,Enhanced_Log_StandardScaler,,,1,,,,,,,4.77618827872635,,30.0,0.85,0.8832012986913176
DBSCAN_Enhanced_Log_StandardScaler_ms30_q0.90,DBSCAN,Enhanced_Log_StandardScaler,,,1,,,,,,,3.091832025842178,,30.0,0.9,0.9853918712716357
DBSCAN_Enhanced_Log_StandardScaler_ms30_q0.93,DBSCAN,Enhanced_Log_StandardScaler,,,1,,,,,,,1.7305029995385326,,30.0,0.93,1.079592285456454
DBSCAN_Enhanced_Log_StandardScaler_ms30_q0.95,DBSCAN,Enhanced_Log_StandardScaler,,,1,,,,,,,1.222888786340563,,30.0,0.95,1.1970771633625952
DBSCAN_Enhanced_Log_StandardScaler_ms30_q0.97,DBSCAN,Enhanced_Log_StandardScaler,,,1,,,,,,,0.6691278264882325,,30.0,0.97,1.3508956932133869
DBSCAN_Enhanced_Log_RobustScaler_ms10_q0.80,DBSCAN,Enhanced_Log_RobustScaler,,,2,,0.41793541058464123,0.6179885336677758,340.0800049232336,1.7360224661730916,98.2639775338269,9.62159667743424,,10.0,0.8,0.4243025751972215
DBSCAN_Enhanced_Log_RobustScaler_ms10_q0.85,DBSCAN,Enhanced_Log_RobustScaler,,,2,,0.40908852069846025,0.6446234679307833,360.9377369822439,1.881188118811881,98.11881188118812,6.783571758191048,,10.0,0.85,0.4631534366823459
DBSCAN_Enhanced_Log_RobustScaler_ms10_q0.90,DBSCAN,Enhanced_Log_RobustScaler,,,1,,,,,,,4.706968158744808,,10.0,0.9,0.5184720276833608
DBSCAN_Enhanced_Log_RobustScaler_ms10_q0.93,DBSCAN,Enhanced_Log_RobustScaler,,,1,,,,,,,3.1610521458237195,,10.0,0.93,0.5825901786600166
DBSCAN_Enhanced_Log_RobustScaler_ms10_q0.95,DBSCAN,Enhanced_Log_RobustScaler,,,1,,,,,,,2.0996769727734192,,10.0,0.95,0.6334391493319549
DBSCAN_Enhanced_Log_RobustScaler_ms10_q0.97,DBSCAN,Enhanced_Log_RobustScaler,,,1,,,,,,,1.0844485463774804,,10.0,0.97,0.7269278699490849
DBSCAN_Enhanced_Log_RobustScaler_ms20_q0.80,DBSCAN,Enhanced_Log_RobustScaler,,,1,,,,,,,8.53714813105676,,20.0,0.8,0.5162660489472214
DBSCAN_Enhanced_Log_RobustScaler_ms20_q0.85,DBSCAN,Enhanced_Log_RobustScaler,,,1,,,,,,,5.722196585140748,,20.0,0.85,0.5594171130100698
DBSCAN_Enhanced_Log_RobustScaler_ms20_q0.90,DBSCAN,Enhanced_Log_RobustScaler,,,1,,,,,,,3.599446239040148,,20.0,0.9,0.6273223593185373
DBSCAN_Enhanced_Log_RobustScaler_ms20_q0.93,DBSCAN,Enhanced_Log_RobustScaler,,,1,,,,,,,2.1919704660821413,,20.0,0.93,0.6904313003449059
DBSCAN_Enhanced_Log_RobustScaler_ms20_q0.95,DBSCAN,Enhanced_Log_RobustScaler,,,1,,,,,,,1.5228426395939088,,20.0,0.95,0.7601353872803531
DBSCAN_Enhanced_Log_RobustScaler_ms20_q0.97,DBSCAN,Enhanced_Log_RobustScaler,,,1,,,,,,,0.8767881864328565,,20.0,0.97,0.8732049718965457
DBSCAN_Enhanced_Log_RobustScaler_ms30_q0.80,DBSCAN,Enhanced_Log_RobustScaler,,,1,,,,,,,7.1065989847715745,,30.0,0.8,0.5738954193671831
DBSCAN_Enhanced_Log_RobustScaler_ms30_q0.85,DBSCAN,Enhanced_Log_RobustScaler,,,1,,,,,,,4.77618827872635,,30.0,0.85,0.6275201457617766
DBSCAN_Enhanced_Log_RobustScaler_ms30_q0.90,DBSCAN,Enhanced_Log_RobustScaler,,,1,,,,,,,3.1841255191509004,,30.0,0.9,0.6938047631250766
DBSCAN_Enhanced_Log_RobustScaler_ms30_q0.93,DBSCAN,Enhanced_Log_RobustScaler,,,1,,,,,,,1.799723119520074,,30.0,0.93,0.769346501876147
DBSCAN_Enhanced_Log_RobustScaler_ms30_q0.95,DBSCAN,Enhanced_Log_RobustScaler,,,1,,,,,,,1.176742039686202,,30.0,0.95,0.8441884338537738
DBSCAN_Enhanced_Log_RobustScaler_ms30_q0.97,DBSCAN,Enhanced_Log_RobustScaler,,,1,,,,,,,0.7383479464697739,,30.0,0.97,0.9545351000138993
