,count,mean,std,min,1%,5%,25%,50%,75%,90%,95%,99%,max,MissingCount,Skewness
Recency,4334.0,93.22658052607291,100.1753269138635,1.0,2.0,3.0,18.0,51.0,143.0,264.0,312.0,369.0,374.0,0,1.2426864615841866
Frequency,4334.0,4.2459621596677435,7.634988822054663,1.0,1.0,1.0,1.0,2.0,5.0,9.0,13.0,30.0,206.0,0,11.949414516742257
Monetary,4334.0,2015.9731518227966,8903.673824788824,3.75,52.199999999999996,110.963,304.24,662.565,1631.6225,3560.08,5735.215499999997,18715.31300000001,279138.02,0,19.578006249138994
TotalQuantity,4334.0,1186.3830179972313,5040.619437292038,1.0,12.329999999999998,46.0,159.25,377.5,989.75,2109.7000000000003,3555.699999999988,10887.790000000003,196844.0,0,20.414263130985024
ProductDiversity,4334.0,61.42616520535302,85.3074372163329,1.0,1.0,4.0,16.0,35.0,77.0,142.70000000000027,204.0,353.6700000000001,1785.0,0,6.917591438396419
AverageOrderValue,4334.0,415.48286380764483,1800.8958095770122,3.75,43.6716,89.85483333333333,177.1975,289.56125000000003,423.409375,657.7949516129034,915.340666666666,2023.7829000000004,84236.25,0,41.45536937733801
AverageBasketSize,4334.0,21.621364376466556,19.46607340748352,1.0,1.0,2.848809523809524,9.340909090909092,16.85164835164835,27.75,44.42857142857143,56.069999999999894,92.83500000000004,297.88235294117646,0,3.2938499730717896
TenureDays,4334.0,130.60752191970465,132.26134304917244,0.0,0.0,0.0,0.0,92.5,252.0,339.7000000000003,357.0,368.0,373.0,0,0.4546677266080349
AverageDaysBetweenPurchases,2829.0,73.10437993181398,65.54424860238427,0.0,0.0,9.566666666666668,30.0,54.0,93.0,160.0,212.19999999999982,331.1599999999994,366.0,1505,1.90969355340965
